"tag:blogger.com,1999:blog-18131780.post-3365160768141085684","http://ontoblogie.clabaut.net/posts/blogger.com,1999:blog-18131780.post-3365160768141085684.html"
"tag:blogger.com,1999:blog-18131780.post-5811376639272863494","http://ontoblogie.clabaut.net/posts/blogger.com,1999:blog-18131780.post-5811376639272863494.html"
"tag:blogger.com,1999:blog-18131780.post-5379424130409847098","http://ontoblogie.clabaut.net/posts/blogger.com,1999:blog-18131780.post-5379424130409847098.html"
"tag:blogger.com,1999:blog-18131780.post-8634975585992037039","http://ontoblogie.clabaut.net/posts/blogger.com,1999:blog-18131780.post-8634975585992037039.html"
http://ontoblogie.clabaut.net/2012/04/lettre-eva-joly.html,http://ontoblogie.clabaut.net/posts/2012/04/lettre-eva-joly.html
http://ontoblogie.clabaut.net/2012/04/une-escarmouche.html,http://ontoblogie.clabaut.net/posts/2012/04/une-escarmouche.html
http://ontoblogie.clabaut.net/2012/04/des-votes-des-votes-oui-mais-pas.html,http://ontoblogie.clabaut.net/posts/2012/04/des-votes-des-votes-oui-mais-pas.html
http://ontoblogie.clabaut.net/2011/11/ci-dessous-une-petite-animation-creee.html,http://ontoblogie.clabaut.net/posts/2011/11/ci-dessous-une-petite-animation-creee.html
http://ontoblogie.clabaut.net/2011/08/journalisme-politique-mensonges-et.html,http://ontoblogie.clabaut.net/posts/2011/08/journalisme-politique-mensonges-et.html
http://ontoblogie.clabaut.net/2011/08/street-photos-carnaval-de-la-tour.html,http://ontoblogie.clabaut.net/posts/2011/08/street-photos-carnaval-de-la-tour.html
http://ontoblogie.clabaut.net/2011/08/photos-de-rue-carnaval-de-la-tour.html,http://ontoblogie.clabaut.net/posts/2011/08/photos-de-rue-carnaval-de-la-tour.html
http://ontoblogie.clabaut.net/2011/06/spectacle-de-cirque.html,http://ontoblogie.clabaut.net/posts/2011/06/spectacle-de-cirque.html
http://ontoblogie.clabaut.net/2011/05/france-pays-des-droits-de-lhomme.html,http://ontoblogie.clabaut.net/posts/2011/05/france-pays-des-droits-de-lhomme.html
http://ontoblogie.clabaut.net/2011/04/lil-buck-and-yo-yo-ma.html,http://ontoblogie.clabaut.net/posts/2011/04/lil-buck-and-yo-yo-ma.html
http://ontoblogie.clabaut.net/2011/03/affiche-promenade-contee-sur-le-theme.html,http://ontoblogie.clabaut.net/posts/2011/03/affiche-promenade-contee-sur-le-theme.html
http://ontoblogie.clabaut.net/2011/03/france-ennemie-de-linternet-pas-encore.html,http://ontoblogie.clabaut.net/posts/2011/03/france-ennemie-de-linternet-pas-encore.html
http://ontoblogie.clabaut.net/2011/03/toutes-les-fleurs-au-monde.html,http://ontoblogie.clabaut.net/posts/2011/03/toutes-les-fleurs-au-monde.html
http://ontoblogie.clabaut.net/2011/03/francais-dorigine-etrangere.html,http://ontoblogie.clabaut.net/posts/2011/03/francais-dorigine-etrangere.html
http://ontoblogie.clabaut.net/2011/02/une-excuse.html,http://ontoblogie.clabaut.net/posts/2011/02/une-excuse.html
"tag:blogger.com,1999:blog-18131780.post-7512126602127408643","http://ontoblogie.clabaut.net/posts/blogger.com,1999:blog-18131780.post-7512126602127408643.html"
http://ontoblogie.clabaut.net/2011/01/affiche-jeux-de-societe.html,http://ontoblogie.clabaut.net/posts/2011/01/affiche-jeux-de-societe.html
http://ontoblogie.clabaut.net/2010/12/censure-suite.html,http://ontoblogie.clabaut.net/posts/2010/12/censure-suite.html
http://ontoblogie.clabaut.net/2010/12/internet-sous-la-censure-du.html,http://ontoblogie.clabaut.net/posts/2010/12/internet-sous-la-censure-du.html
http://ontoblogie.clabaut.net/2010/12/de-la-sur-ingenierie-dans-lautomobile.html,http://ontoblogie.clabaut.net/posts/2010/12/de-la-sur-ingenierie-dans-lautomobile.html
http://ontoblogie.clabaut.net/2010/11/easy-footnotes-on-blogger.html,http://ontoblogie.clabaut.net/posts/2010/11/easy-footnotes-on-blogger.html
http://ontoblogie.clabaut.net/2010/11/des-notes-de-bas-de-pages-sur-blogger.html,http://ontoblogie.clabaut.net/posts/2010/11/des-notes-de-bas-de-pages-sur-blogger.html
http://ontoblogie.clabaut.net/2010/09/affiche-petite-retrospective.html,http://ontoblogie.clabaut.net/posts/2010/09/affiche-petite-retrospective.html
http://ontoblogie.clabaut.net/2010/09/affiche-promenade-contee-sur-le-theme.html,http://ontoblogie.clabaut.net/posts/2010/09/affiche-promenade-contee-sur-le-theme.html
http://ontoblogie.clabaut.net/2010/09/banderole.html,http://ontoblogie.clabaut.net/posts/2010/09/banderole.html
http://ontoblogie.clabaut.net/2010/09/pourquoi-jai-manifeste-mon-pere.html,http://ontoblogie.clabaut.net/posts/2010/09/pourquoi-jai-manifeste-mon-pere.html
http://ontoblogie.clabaut.net/2010/09/esperance-de-vie-et-retraites.html,http://ontoblogie.clabaut.net/posts/2010/09/esperance-de-vie-et-retraites.html
"tag:blogger.com,1999:blog-18131780.post-4031182803336076941","http://ontoblogie.clabaut.net/posts/blogger.com,1999:blog-18131780.post-4031182803336076941.html"
